<?xml version="1.0" encoding="UTF-8"?>
<GenRun Id="synth_1" LaunchPart="xc7a35tcpg236-1" LaunchTime="1749572734">
  <File Type="PA-TCL" Name="indat_lab.tcl"/>
  <File Type="RDS-PROPCONSTRS" Name="indat_lab_drc_synth.rpt"/>
  <File Type="REPORTS-TCL" Name="indat_lab_reports.tcl"/>
  <File Type="RDS-RDS" Name="indat_lab.vds"/>
  <File Type="RDS-UTIL" Name="indat_lab_utilization_synth.rpt"/>
  <File Type="RDS-UTIL-PB" Name="indat_lab_utilization_synth.pb"/>
  <File Type="RDS-DCP" Name="indat_lab.dcp"/>
  <File Type="VDS-TIMINGSUMMARY" Name="indat_lab_timing_summary_synth.rpt"/>
  <File Type="VDS-TIMING-PB" Name="indat_lab_timing_summary_synth.pb"/>
  <FileSet Name="sources" Type="DesignSrcs" RelSrcDir="$PSRCDIR/sources_1" RelGenDir="$PGENDIR/sources_1">
    <Filter Type="Srcs"/>
    <File Path="$PSRCDIR/sources_1/imports/hdl/Seg_7_Display.v">
      <FileInfo>
        <Attr Name="ImportPath" Val="Y:/GoogleDrive/Public/Basys 3/hw/hw.srcs/sources_1/imports/hdl/Seg_7_Display.v"/>
        <Attr Name="ImportTime" Val="1604608852"/>
        <Attr Name="UsedIn" Val="synthesis"/>
        <Attr Name="UsedIn" Val="implementation"/>
        <Attr Name="UsedIn" Val="simulation"/>
      </FileInfo>
    </File>
    <File Path="$PSRCDIR/sources_1/new/xadc_module.v">
      <FileInfo>
        <Attr Name="ImportPath" Val="$PPRDIR/../INDAT-Basys3-template-ryan/INDAT-Basys3-template-ryan.srcs/sources_1/new/xadc_module.v"/>
        <Attr Name="ImportTime" Val="1687299875"/>
        <Attr Name="UsedIn" Val="synthesis"/>
        <Attr Name="UsedIn" Val="implementation"/>
        <Attr Name="UsedIn" Val="simulation"/>
      </FileInfo>
    </File>
    <File Path="$PSRCDIR/sources_1/new/indat_lab.v">
      <FileInfo>
        <Attr Name="ImportPath" Val="$PPRDIR/../INDAT-Basys3-template-ryan/INDAT-Basys3-template-ryan.srcs/sources_1/new/indat_lab.v"/>
        <Attr Name="ImportTime" Val="1687327216"/>
        <Attr Name="UsedIn" Val="synthesis"/>
        <Attr Name="UsedIn" Val="implementation"/>
        <Attr Name="UsedIn" Val="simulation"/>
      </FileInfo>
    </File>
    <File Path="$PSRCDIR/sources_1/imports/source/hex2bcd.v">
      <FileInfo>
        <Attr Name="AutoDisabled" Val="1"/>
        <Attr Name="ImportPath" Val="$PPRDIR/../../../../../../../Alchitry/io-counter/source/hex2bcd.v"/>
        <Attr Name="ImportTime" Val="1648668664"/>
        <Attr Name="UsedIn" Val="synthesis"/>
        <Attr Name="UsedIn" Val="implementation"/>
        <Attr Name="UsedIn" Val="simulation"/>
      </FileInfo>
    </File>
    <Config>
      <Option Name="DesignMode" Val="RTL"/>
      <Option Name="TopModule" Val="indat_lab"/>
    </Config>
  </FileSet>
  <FileSet Name="constrs_in" Type="Constrs" RelSrcDir="$PSRCDIR/constrs_1" RelGenDir="$PGENDIR/constrs_1">
    <Filter Type="Constrs"/>
    <File Path="$PSRCDIR/constrs_1/imports/constraints/Basys3_Master.xdc">
      <FileInfo>
        <Attr Name="ImportPath" Val="Y:/GoogleDrive/Public/Basys 3/hw/hw.srcs/constrs_1/imports/constraints/Basys3_Master.xdc"/>
        <Attr Name="ImportTime" Val="1604608852"/>
        <Attr Name="UsedIn" Val="synthesis"/>
        <Attr Name="UsedIn" Val="implementation"/>
      </FileInfo>
    </File>
    <Config>
      <Option Name="ConstrsType" Val="XDC"/>
    </Config>
  </FileSet>
  <FileSet Name="utils" Type="Utils" RelSrcDir="$PSRCDIR/utils_1" RelGenDir="$PGENDIR/utils_1">
    <Filter Type="Utils"/>
    <Config>
      <Option Name="TopAutoSet" Val="TRUE"/>
    </Config>
  </FileSet>
  <Strategy Version="1" Minor="2">
    <StratHandle Name="Vivado Synthesis Defaults" Flow="Vivado Synthesis 2019"/>
    <Step Id="synth_design"/>
  </Strategy>
  <BlockFileSet Type="BlockSrcs" Name="xadc_wiz_0"/>
</GenRun>
