<?xml version="1.0" encoding="UTF-8"?>
<GenRun Id="impl_1" LaunchPart="xc7a35tcpg236-1" LaunchTime="1749572734">
  <File Type="ROUTE-PWR" Name="indat_lab_power_routed.rpt"/>
  <File Type="PA-TCL" Name="indat_lab.tcl"/>
  <File Type="ROUTE-PWR-SUM" Name="indat_lab_power_summary_routed.pb"/>
  <File Type="REPORTS-TCL" Name="indat_lab_reports.tcl"/>
  <File Type="OPT-RQA-PB" Name="indat_lab_rqa_opted.pb"/>
  <File Type="BITSTR-MMI" Name="indat_lab.mmi"/>
  <File Type="OPT-METHODOLOGY-DRC" Name="indat_lab_methodology_drc_opted.rpt"/>
  <File Type="INIT-TIMING" Name="indat_lab_timing_summary_init.rpt"/>
  <File Type="OPT-TIMING" Name="indat_lab_timing_summary_opted.rpt"/>
  <File Type="OPT-DCP" Name="indat_lab_opt.dcp"/>
  <File Type="OPT-DRC" Name="indat_lab_drc_opted.rpt"/>
  <File Type="OPT-HWDEF" Name="indat_lab.hwdef"/>
  <File Type="PWROPT-DCP" Name="indat_lab_pwropt.dcp"/>
  <File Type="PWROPT-DRC" Name="indat_lab_drc_pwropted.rpt"/>
  <File Type="PWROPT-TIMING" Name="indat_lab_timing_summary_pwropted.rpt"/>
  <File Type="PLACE-DCP" Name="indat_lab_placed.dcp"/>
  <File Type="PLACE-IO" Name="indat_lab_io_placed.rpt"/>
  <File Type="PLACE-CLK" Name="indat_lab_clock_utilization_placed.rpt"/>
  <File Type="PLACE-UTIL" Name="indat_lab_utilization_placed.rpt"/>
  <File Type="PLACE-UTIL-PB" Name="indat_lab_utilization_placed.pb"/>
  <File Type="PLACE-CTRL" Name="indat_lab_control_sets_placed.rpt"/>
  <File Type="PLACE-SIMILARITY" Name="indat_lab_incremental_reuse_placed.rpt"/>
  <File Type="PLACE-PRE-SIMILARITY" Name="indat_lab_incremental_reuse_pre_placed.rpt"/>
  <File Type="BG-BIN" Name="indat_lab.bin"/>
  <File Type="PLACE-TIMING" Name="indat_lab_timing_summary_placed.rpt"/>
  <File Type="ROUTE-PWR-RPX" Name="indat_lab_power_routed.rpx"/>
  <File Type="PLACE-RQA-PB" Name="indat_lab_rqa_placed.pb"/>
  <File Type="POSTPLACE-PWROPT-DCP" Name="indat_lab_postplace_pwropt.dcp"/>
  <File Type="BITSTR-MSK" Name="indat_lab.msk"/>
  <File Type="POSTPLACE-PWROPT-TIMING" Name="indat_lab_timing_summary_postplace_pwropted.rpt"/>
  <File Type="PHYSOPT-DCP" Name="indat_lab_physopt.dcp"/>
  <File Type="PHYSOPT-DRC" Name="indat_lab_drc_physopted.rpt"/>
  <File Type="BITSTR-RBT" Name="indat_lab.rbt"/>
  <File Type="PHYSOPT-TIMING" Name="indat_lab_timing_summary_physopted.rpt"/>
  <File Type="ROUTE-ERROR-DCP" Name="indat_lab_routed_error.dcp"/>
  <File Type="ROUTE-DCP" Name="indat_lab_routed.dcp"/>
  <File Type="ROUTE-BLACKBOX-DCP" Name="indat_lab_routed_bb.dcp"/>
  <File Type="ROUTE-DRC" Name="indat_lab_drc_routed.rpt"/>
  <File Type="ROUTE-DRC-PB" Name="indat_lab_drc_routed.pb"/>
  <File Type="ROUTE-DRC-RPX" Name="indat_lab_drc_routed.rpx"/>
  <File Type="ROUTE-METHODOLOGY-DRC" Name="indat_lab_methodology_drc_routed.rpt"/>
  <File Type="ROUTE-METHODOLOGY-DRC-RPX" Name="indat_lab_methodology_drc_routed.rpx"/>
  <File Type="ROUTE-METHODOLOGY-DRC-PB" Name="indat_lab_methodology_drc_routed.pb"/>
  <File Type="ROUTE-RQS-PB" Name="indat_lab_rqs_routed.pb"/>
  <File Type="ROUTE-STATUS" Name="indat_lab_route_status.rpt"/>
  <File Type="ROUTE-STATUS-PB" Name="indat_lab_route_status.pb"/>
  <File Type="ROUTE-TIMINGSUMMARY" Name="indat_lab_timing_summary_routed.rpt"/>
  <File Type="ROUTE-TIMING-PB" Name="indat_lab_timing_summary_routed.pb"/>
  <File Type="ROUTE-TIMING-RPX" Name="indat_lab_timing_summary_routed.rpx"/>
  <File Type="ROUTE-SIMILARITY" Name="indat_lab_incremental_reuse_routed.rpt"/>
  <File Type="ROUTE-CLK" Name="indat_lab_clock_utilization_routed.rpt"/>
  <File Type="ROUTE-BUS-SKEW" Name="indat_lab_bus_skew_routed.rpt"/>
  <File Type="ROUTE-BUS-SKEW-PB" Name="indat_lab_bus_skew_routed.pb"/>
  <File Type="ROUTE-BUS-SKEW-RPX" Name="indat_lab_bus_skew_routed.rpx"/>
  <File Type="POSTROUTE-PHYSOPT-DCP" Name="indat_lab_postroute_physopt.dcp"/>
  <File Type="POSTROUTE-PHYSOPT-BLACKBOX-DCP" Name="indat_lab_postroute_physopt_bb.dcp"/>
  <File Type="POSTROUTE-PHYSOPT-TIMING" Name="indat_lab_timing_summary_postroute_physopted.rpt"/>
  <File Type="POSTROUTE-PHYSOPT-TIMING-PB" Name="indat_lab_timing_summary_postroute_physopted.pb"/>
  <File Type="POSTROUTE-PHYSOPT-TIMING-RPX" Name="indat_lab_timing_summary_postroute_physopted.rpx"/>
  <File Type="POSTROUTE-PHYSOPT-BUS-SKEW" Name="indat_lab_bus_skew_postroute_physopted.rpt"/>
  <File Type="BG-BIT" Name="indat_lab.bit"/>
  <File Type="POSTROUTE-PHYSOPT-BUS-SKEW-PB" Name="indat_lab_bus_skew_postroute_physopted.pb"/>
  <File Type="POSTROUTE-PHYSOPT-BUS-SKEW-RPX" Name="indat_lab_bus_skew_postroute_physopted.rpx"/>
  <File Type="BITSTR-NKY" Name="indat_lab.nky"/>
  <File Type="BITSTR-BMM" Name="indat_lab_bd.bmm"/>
  <File Type="PDI-FILE" Name="indat_lab.pdi"/>
  <File Type="BOOT-PDI-FILE" Name="indat_lab_boot.pdi"/>
  <File Type="PL-PDI-FILE" Name="indat_lab_pld.pdi"/>
  <File Type="RCFI_FILE" Name="indat_lab.rcfi"/>
  <File Type="CFI_FILE" Name="indat_lab.cfi"/>
  <File Type="RNPI_FILE" Name="indat_lab.rnpi"/>
  <File Type="NPI_FILE" Name="indat_lab.npi"/>
  <File Type="RBD_FILE" Name="indat_lab.rbd"/>
  <File Type="BITSTR-LTX" Name="debug_nets.ltx"/>
  <File Type="BITSTR-LTX" Name="indat_lab.ltx"/>
  <File Type="BITSTR-SYSDEF" Name="indat_lab.sysdef"/>
  <File Type="BG-BGN" Name="indat_lab.bgn"/>
  <File Type="BG-DRC" Name="indat_lab.drc"/>
  <File Type="RDI-RDI" Name="indat_lab.vdi"/>
  <File Type="WBT-USG" Name="usage_statistics_webtalk.html"/>
  <File Type="ROUTE-RQS" Name="indat_lab_routed.rqs"/>
  <File Type="POSTROUTE-PHYSOPT-RQS" Name="indat_lab_postroute_physopted.rqs"/>
  <File Type="ROUTE-RQS-RPT" Name="route_report_qor_suggestions_0.rpt"/>
  <File Type="POSTROUTE-PHYSOPT-RQS-RPT" Name="postroute_physopt_report_qor_suggestions_0.rpt"/>
  <FileSet Name="sources" Type="DesignSrcs" RelSrcDir="$PSRCDIR/sources_1" RelGenDir="$PGENDIR/sources_1">
    <Filter Type="Srcs"/>
    <File Path="$PSRCDIR/sources_1/imports/hdl/Seg_7_Display.v">
      <FileInfo>
        <Attr Name="ImportPath" Val="Y:/GoogleDrive/Public/Basys 3/hw/hw.srcs/sources_1/imports/hdl/Seg_7_Display.v"/>
        <Attr Name="ImportTime" Val="1604608852"/>
        <Attr Name="UsedIn" Val="synthesis"/>
        <Attr Name="UsedIn" Val="implementation"/>
        <Attr Name="UsedIn" Val="simulation"/>
      </FileInfo>
    </File>
    <File Path="$PSRCDIR/sources_1/new/xadc_module.v">
      <FileInfo>
        <Attr Name="ImportPath" Val="$PPRDIR/../INDAT-Basys3-template-ryan/INDAT-Basys3-template-ryan.srcs/sources_1/new/xadc_module.v"/>
        <Attr Name="ImportTime" Val="1687299875"/>
        <Attr Name="UsedIn" Val="synthesis"/>
        <Attr Name="UsedIn" Val="implementation"/>
        <Attr Name="UsedIn" Val="simulation"/>
      </FileInfo>
    </File>
    <File Path="$PSRCDIR/sources_1/new/indat_lab.v">
      <FileInfo>
        <Attr Name="ImportPath" Val="$PPRDIR/../INDAT-Basys3-template-ryan/INDAT-Basys3-template-ryan.srcs/sources_1/new/indat_lab.v"/>
        <Attr Name="ImportTime" Val="1687327216"/>
        <Attr Name="UsedIn" Val="synthesis"/>
        <Attr Name="UsedIn" Val="implementation"/>
        <Attr Name="UsedIn" Val="simulation"/>
      </FileInfo>
    </File>
    <File Path="$PSRCDIR/sources_1/imports/source/hex2bcd.v">
      <FileInfo>
        <Attr Name="AutoDisabled" Val="1"/>
        <Attr Name="ImportPath" Val="$PPRDIR/../../../../../../../Alchitry/io-counter/source/hex2bcd.v"/>
        <Attr Name="ImportTime" Val="1648668664"/>
        <Attr Name="UsedIn" Val="synthesis"/>
        <Attr Name="UsedIn" Val="implementation"/>
        <Attr Name="UsedIn" Val="simulation"/>
      </FileInfo>
    </File>
    <Config>
      <Option Name="DesignMode" Val="RTL"/>
      <Option Name="TopModule" Val="indat_lab"/>
    </Config>
  </FileSet>
  <FileSet Name="constrs_in" Type="Constrs" RelSrcDir="$PSRCDIR/constrs_1" RelGenDir="$PGENDIR/constrs_1">
    <Filter Type="Constrs"/>
    <File Path="$PSRCDIR/constrs_1/imports/constraints/Basys3_Master.xdc">
      <FileInfo>
        <Attr Name="ImportPath" Val="Y:/GoogleDrive/Public/Basys 3/hw/hw.srcs/constrs_1/imports/constraints/Basys3_Master.xdc"/>
        <Attr Name="ImportTime" Val="1604608852"/>
        <Attr Name="UsedIn" Val="synthesis"/>
        <Attr Name="UsedIn" Val="implementation"/>
      </FileInfo>
    </File>
    <Config>
      <Option Name="ConstrsType" Val="XDC"/>
    </Config>
  </FileSet>
  <FileSet Name="utils" Type="Utils" RelSrcDir="$PSRCDIR/utils_1" RelGenDir="$PGENDIR/utils_1">
    <Filter Type="Utils"/>
    <Config>
      <Option Name="TopAutoSet" Val="TRUE"/>
    </Config>
  </FileSet>
  <Strategy Version="1" Minor="2">
    <StratHandle Name="Vivado Implementation Defaults" Flow="Vivado Implementation 2019"/>
    <Step Id="init_design"/>
    <Step Id="opt_design"/>
    <Step Id="power_opt_design"/>
    <Step Id="place_design"/>
    <Step Id="post_place_power_opt_design"/>
    <Step Id="phys_opt_design" EnableStepBool="1"/>
    <Step Id="route_design"/>
    <Step Id="post_route_phys_opt_design"/>
    <Step Id="write_bitstream"/>
  </Strategy>
  <BlockFileSet Type="BlockSrcs" Name="xadc_wiz_0"/>
</GenRun>
